组框机状态,打胶机状态,打胶机是否缺胶,打胶机是否缺料,打胶机是否急停,时间
暂停,空闲,否,否,否,2021-11-19 20:00:04
自动,空闲,否,否,否,2021-11-19 20:02:12
自动,运行中,否,否,否,2021-11-19 20:07:58
暂停,运行中,否,否,否,2021-11-19 20:09:53
自动,运行中,否,否,否,2021-11-19 20:10:12
堵线,运行中,否,否,否,2021-11-19 20:11:17
自动,运行中,否,否,否,2021-11-19 20:11:28
堵线,运行中,否,否,否,2021-11-19 20:11:47
自动,运行中,否,否,否,2021-11-19 20:12:03
堵线,运行中,否,否,否,2021-11-19 20:12:22
自动,运行中,否,否,否,2021-11-19 20:13:10
堵线,运行中,否,否,否,2021-11-19 20:13:24
自动,运行中,否,否,否,2021-11-19 20:13:34
堵线,运行中,否,否,否,2021-11-19 20:13:51
自动,运行中,否,否,否,2021-11-19 20:14:07
堵线,运行中,否,否,否,2021-11-19 20:14:26
自动,运行中,否,否,否,2021-11-19 20:14:45
堵线,运行中,否,否,否,2021-11-19 20:15:04
自动,运行中,否,否,否,2021-11-19 20:15:20
堵线,运行中,否,否,否,2021-11-19 20:15:39
自动,运行中,否,否,否,2021-11-19 20:15:52
堵线,运行中,否,否,否,2021-11-19 20:16:12
自动,运行中,否,否,否,2021-11-19 20:16:20
堵线,运行中,否,否,否,2021-11-19 20:16:39
自动,运行中,否,否,否,2021-11-19 20:16:55
堵线,运行中,否,否,否,2021-11-19 20:17:14
自动,运行中,否,否,否,2021-11-19 20:17:35
堵线,运行中,否,否,否,2021-11-19 20:17:55
自动,运行中,否,否,否,2021-11-19 20:18:20
堵线,运行中,否,否,否,2021-11-19 20:18:33
自动,运行中,否,否,否,2021-11-19 20:18:57
堵线,运行中,否,否,否,2021-11-19 20:19:10
自动,运行中,否,否,否,2021-11-19 20:19:24
堵线,运行中,否,否,否,2021-11-19 20:19:44
自动,运行中,否,否,否,2021-11-19 20:20:02
堵线,运行中,否,否,否,2021-11-19 20:20:21
自动,运行中,否,否,否,2021-11-19 20:20:32
堵线,运行中,否,否,否,2021-11-19 20:20:52
自动,运行中,否,否,否,2021-11-19 20:21:08
堵线,运行中,否,否,否,2021-11-19 20:21:28
自动,运行中,否,否,否,2021-11-19 20:21:36
堵线,运行中,否,否,否,2021-11-19 20:21:55
自动,运行中,否,否,否,2021-11-19 20:22:08
堵线,运行中,否,否,否,2021-11-19 20:22:28
自动,运行中,否,否,否,2021-11-19 20:22:52
堵线,运行中,否,否,否,2021-11-19 20:23:05
自动,运行中,否,否,否,2021-11-19 20:23:19
堵线,运行中,否,否,否,2021-11-19 20:23:38
自动,运行中,否,否,否,2021-11-19 20:23:49
堵线,运行中,否,否,否,2021-11-19 20:24:08
自动,运行中,否,否,否,2021-11-19 20:24:30
堵线,运行中,否,否,否,2021-11-19 20:24:43
自动,运行中,否,否,否,2021-11-19 20:25:11
堵线,运行中,否,否,否,2021-11-19 20:25:24
自动,运行中,否,否,否,2021-11-19 20:25:48
堵线,运行中,否,否,否,2021-11-19 20:26:08
自动,运行中,否,否,否,2021-11-19 20:27:05
堵线,运行中,否,否,否,2021-11-19 20:27:19
自动,运行中,否,否,否,2021-11-19 20:27:34
堵线,运行中,否,否,否,2021-11-19 20:27:47
自动,运行中,否,否,否,2021-11-19 20:27:50
堵线,运行中,否,否,否,2021-11-19 20:28:09
自动,运行中,否,否,否,2021-11-19 20:28:18
堵线,运行中,否,否,否,2021-11-19 20:28:31
自动,运行中,否,否,否,2021-11-19 20:28:54
堵线,运行中,否,否,否,2021-11-19 20:29:07
自动,运行中,否,否,否,2021-11-19 20:29:52
堵线,运行中,否,否,否,2021-11-19 20:30:03
自动,运行中,否,否,否,2021-11-19 20:30:14
堵线,运行中,否,否,否,2021-11-19 20:30:28
自动,运行中,否,否,否,2021-11-19 20:30:39
堵线,运行中,否,否,否,2021-11-19 20:30:53
自动,运行中,否,否,否,2021-11-19 20:31:01
堵线,运行中,否,否,否,2021-11-19 20:31:21
自动,运行中,否,否,否,2021-11-19 20:31:24
堵线,运行中,否,否,否,2021-11-19 20:31:43
自动,运行中,否,否,否,2021-11-19 20:31:54
堵线,运行中,否,否,否,2021-11-19 20:32:13
自动,运行中,否,否,否,2021-11-19 20:32:21
堵线,运行中,否,否,否,2021-11-19 20:32:41
自动,运行中,否,否,否,2021-11-19 20:32:49
堵线,运行中,否,否,否,2021-11-19 20:33:09
自动,运行中,否,否,否,2021-11-19 20:33:14
堵线,运行中,否,否,否,2021-11-19 20:33:34
自动,运行中,否,否,否,2021-11-19 20:33:45
堵线,运行中,否,否,否,2021-11-19 20:34:04
自动,运行中,否,否,否,2021-11-19 20:34:10
堵线,运行中,否,否,否,2021-11-19 20:34:29
自动,运行中,否,否,否,2021-11-19 20:34:45
堵线,运行中,否,否,否,2021-11-19 20:35:04
自动,运行中,否,否,否,2021-11-19 20:36:34
堵线,运行中,否,否,否,2021-11-19 20:36:48
自动,运行中,否,否,否,2021-11-19 20:36:50
堵线,运行中,否,否,否,2021-11-19 20:37:10
自动,运行中,否,否,否,2021-11-19 20:37:15
堵线,运行中,否,否,否,2021-11-19 20:37:34
自动,运行中,否,否,否,2021-11-19 20:37:40
堵线,运行中,否,否,否,2021-11-19 20:37:59
自动,运行中,否,否,否,2021-11-19 20:38:11
堵线,运行中,否,否,否,2021-11-19 20:38:24
自动,运行中,否,否,否,2021-11-19 20:38:45
堵线,运行中,否,否,否,2021-11-19 20:39:04
自动,运行中,否,否,否,2021-11-19 20:39:14
堵线,运行中,否,否,否,2021-11-19 20:39:34
自动,运行中,否,否,否,2021-11-19 20:39:52
堵线,运行中,否,否,否,2021-11-19 20:40:12
自动,运行中,否,否,否,2021-11-19 20:40:20
堵线,运行中,否,否,否,2021-11-19 20:40:39
自动,运行中,否,否,否,2021-11-19 20:40:50
堵线,运行中,否,否,否,2021-11-19 20:41:08
自动,运行中,否,否,否,2021-11-19 20:41:19
堵线,运行中,否,否,否,2021-11-19 20:41:38
自动,运行中,否,否,否,2021-11-19 20:41:51
堵线,运行中,否,否,否,2021-11-19 20:42:11
自动,运行中,否,否,否,2021-11-19 20:42:58
堵线,运行中,否,否,否,2021-11-19 20:43:18
自动,运行中,否,否,否,2021-11-19 20:43:32
堵线,运行中,否,否,否,2021-11-19 20:43:48
自动,运行中,否,否,否,2021-11-19 20:43:55
堵线,运行中,否,否,否,2021-11-19 20:44:15
自动,运行中,否,否,否,2021-11-19 20:44:28
堵线,运行中,否,否,否,2021-11-19 20:44:48
自动,运行中,否,否,否,2021-11-19 20:45:02
堵线,运行中,否,否,否,2021-11-19 20:45:15
自动,运行中,否,否,否,2021-11-19 20:45:25
堵线,运行中,否,否,否,2021-11-19 20:45:45
自动,运行中,否,否,否,2021-11-19 20:46:01
堵线,运行中,否,否,否,2021-11-19 20:46:17
自动,运行中,否,否,否,2021-11-19 20:47:21
堵线,运行中,否,否,否,2021-11-19 20:47:34
自动,运行中,否,否,否,2021-11-19 20:48:03
堵线,运行中,否,否,否,2021-11-19 20:48:23
堵线,空闲,否,否,否,2021-11-19 20:48:34
自动,空闲,否,否,否,2021-11-19 20:48:41
堵线,空闲,否,否,否,2021-11-19 20:49:18
自动,空闲,否,否,否,2021-11-19 20:49:43
堵线,空闲,否,否,否,2021-11-19 20:49:56
自动,空闲,否,否,否,2021-11-19 20:50:35
自动,运行中,否,否,否,2021-11-19 20:53:39
自动,空闲,否,否,否,2021-11-19 20:54:16
自动,运行中,否,否,否,2021-11-19 20:54:18
堵线,运行中,否,否,否,2021-11-19 20:54:36
堵线,空闲,否,否,否,2021-11-19 20:54:55
自动,空闲,否,否,否,2021-11-19 20:55:03
堵线,空闲,否,否,否,2021-11-19 20:55:22
等料,空闲,否,否,否,2021-11-19 20:55:39
自动,空闲,否,否,否,2021-11-19 20:58:45
自动,运行中,否,否,否,2021-11-19 21:03:52
自动,空闲,否,否,否,2021-11-19 21:05:26
堵线,空闲,否,否,否,2021-11-19 21:05:31
自动,空闲,否,否,否,2021-11-19 21:07:54
堵线,空闲,否,否,否,2021-11-19 21:08:07
自动,空闲,否,否,否,2021-11-19 21:09:05
自动,运行中,否,否,否,2021-11-19 21:09:15
堵线,运行中,否,否,否,2021-11-19 21:10:35
自动,运行中,否,否,否,2021-11-19 21:10:48
堵线,运行中,否,否,否,2021-11-19 21:11:06
自动,运行中,否,否,否,2021-11-19 21:11:21
堵线,运行中,否,否,否,2021-11-19 21:11:41
自动,运行中,否,否,否,2021-11-19 21:11:59
堵线,运行中,否,否,否,2021-11-19 21:12:19
自动,运行中,否,否,否,2021-11-19 21:12:29
堵线,运行中,否,否,否,2021-11-19 21:13:20
自动,运行中,否,否,否,2021-11-19 21:13:37
堵线,运行中,否,否,否,2021-11-19 21:13:50
自动,运行中,否,否,否,2021-11-19 21:22:33
堵线,运行中,否,否,否,2021-11-19 21:22:53
堵线,空闲,否,否,否,2021-11-19 21:23:36
自动,空闲,否,否,否,2021-11-19 21:26:53
堵线,空闲,否,否,否,2021-11-19 21:27:08
自动,空闲,否,否,否,2021-11-19 21:27:27
自动,运行中,否,否,否,2021-11-19 21:28:02
堵线,运行中,否,否,否,2021-11-19 21:29:31
自动,运行中,否,否,否,2021-11-19 21:29:44
堵线,运行中,否,否,否,2021-11-19 21:30:03
自动,运行中,否,否,否,2021-11-19 21:30:11
自动,运行中,是,否,否,2021-11-19 21:30:20
堵线,运行中,是,否,否,2021-11-19 21:30:30
自动,运行中,是,否,否,2021-11-19 21:30:38
堵线,运行中,是,否,否,2021-11-19 21:30:58
自动,运行中,是,否,否,2021-11-19 21:31:09
自动,运行中,否,否,否,2021-11-19 21:31:18
堵线,运行中,否,否,否,2021-11-19 21:31:28
自动,运行中,否,否,否,2021-11-19 21:31:31
堵线,运行中,否,否,否,2021-11-19 21:32:16
自动,运行中,否,否,否,2021-11-19 21:32:24
堵线,运行中,否,否,否,2021-11-19 21:32:44
自动,运行中,否,否,否,2021-11-19 21:33:01
堵线,运行中,否,否,否,2021-11-19 21:33:14
自动,运行中,否,否,否,2021-11-19 21:33:27
堵线,运行中,否,否,否,2021-11-19 21:33:46
自动,运行中,否,否,否,2021-11-19 21:33:57
堵线,运行中,否,否,否,2021-11-19 21:34:16
自动,运行中,否,否,否,2021-11-19 21:34:43
堵线,运行中,否,否,否,2021-11-19 21:35:00
自动,运行中,否,否,否,2021-11-19 21:35:39
堵线,运行中,否,否,否,2021-11-19 21:35:59
自动,运行中,否,否,否,2021-11-19 21:36:25
堵线,运行中,否,否,否,2021-11-19 21:36:45
自动,运行中,否,否,否,2021-11-19 21:37:13
堵线,运行中,否,否,否,2021-11-19 21:37:33
自动,运行中,否,否,否,2021-11-19 21:37:57
堵线,运行中,否,否,否,2021-11-19 21:38:16
自动,运行中,否,否,否,2021-11-19 21:38:40
堵线,运行中,否,否,否,2021-11-19 21:38:59
自动,运行中,否,否,否,2021-11-19 21:40:07
堵线,运行中,否,否,否,2021-11-19 21:40:27
自动,运行中,否,否,否,2021-11-19 21:40:53
堵线,运行中,否,否,否,2021-11-19 21:41:13
自动,运行中,否,否,否,2021-11-19 21:41:39
堵线,运行中,否,否,否,2021-11-19 21:41:58
自动,运行中,否,否,否,2021-11-19 21:42:22
堵线,运行中,否,否,否,2021-11-19 21:42:41
自动,运行中,否,否,否,2021-11-19 21:43:02
堵线,运行中,否,否,否,2021-11-19 21:43:22
自动,运行中,否,否,否,2021-11-19 21:43:27
堵线,运行中,否,否,否,2021-11-19 21:43:46
自动,运行中,否,否,否,2021-11-19 21:43:49
堵线,运行中,否,否,否,2021-11-19 21:44:09
自动,运行中,否,否,否,2021-11-19 21:44:27
堵线,运行中,否,否,否,2021-11-19 21:44:47
自动,运行中,否,否,否,2021-11-19 21:44:57
堵线,运行中,否,否,否,2021-11-19 21:45:17
自动,运行中,否,否,否,2021-11-19 21:45:26
堵线,运行中,否,否,否,2021-11-19 21:45:39
自动,运行中,否,否,否,2021-11-19 21:45:55
堵线,运行中,否,否,否,2021-11-19 21:46:09
自动,运行中,否,否,否,2021-11-19 21:46:14
堵线,运行中,否,否,否,2021-11-19 21:46:34
自动,运行中,否,否,否,2021-11-19 21:46:52
堵线,运行中,否,否,否,2021-11-19 21:47:12
自动,运行中,否,否,否,2021-11-19 21:47:22
堵线,运行中,否,否,否,2021-11-19 21:47:42
自动,运行中,否,否,否,2021-11-19 21:47:52
堵线,运行中,否,否,否,2021-11-19 21:48:11
自动,运行中,否,否,否,2021-11-19 21:48:20
堵线,运行中,否,否,否,2021-11-19 21:48:34
自动,运行中,否,否,否,2021-11-19 21:48:45
堵线,运行中,否,否,否,2021-11-19 21:48:58
自动,运行中,否,否,否,2021-11-19 21:49:06
堵线,运行中,否,否,否,2021-11-19 21:49:25
自动,运行中,否,否,否,2021-11-19 21:49:31
堵线,运行中,否,否,否,2021-11-19 21:49:50
自动,运行中,否,否,否,2021-11-19 21:49:55
堵线,运行中,否,否,否,2021-11-19 21:50:15
自动,运行中,否,否,否,2021-11-19 21:50:21
自动,空闲,否,否,否,2021-11-19 21:50:55
堵线,空闲,否,否,否,2021-11-19 21:51:04
自动,空闲,否,否,否,2021-11-19 21:51:12
堵线,空闲,否,否,否,2021-11-19 21:51:32
自动,空闲,否,否,否,2021-11-19 21:51:42
自动,运行中,否,否,否,2021-11-19 21:52:07
自动,空闲,否,否,否,2021-11-19 21:53:01
等料,空闲,否,否,否,2021-11-19 21:53:04
自动,空闲,否,否,否,2021-11-19 21:56:48
自动,运行中,否,否,否,2021-11-19 21:57:37
堵线,运行中,否,否,否,2021-11-19 21:58:22
自动,运行中,否,否,否,2021-11-19 21:58:29
堵线,运行中,否,否,否,2021-11-19 21:58:42
自动,运行中,否,否,否,2021-11-19 21:58:52
堵线,运行中,否,否,否,2021-11-19 21:59:12
自动,运行中,否,否,否,2021-11-19 21:59:25
堵线,运行中,否,否,否,2021-11-19 21:59:44
自动,运行中,否,否,否,2021-11-19 22:00:04
堵线,运行中,否,否,否,2021-11-19 22:00:17
自动,运行中,否,否,否,2021-11-19 22:00:37
堵线,运行中,否,否,否,2021-11-19 22:00:50
自动,运行中,否,否,否,2021-11-19 22:01:09
堵线,运行中,否,否,否,2021-11-19 22:01:23
自动,运行中,否,否,否,2021-11-19 22:01:39
堵线,运行中,否,否,否,2021-11-19 22:01:58
自动,运行中,否,否,否,2021-11-19 22:02:11
堵线,运行中,否,否,否,2021-11-19 22:02:31
自动,运行中,否,否,否,2021-11-19 22:02:41
堵线,运行中,否,否,否,2021-11-19 22:03:01
自动,运行中,否,否,否,2021-11-19 22:03:18
堵线,运行中,否,否,否,2021-11-19 22:03:31
自动,运行中,否,否,否,2021-11-19 22:04:04
堵线,运行中,否,否,否,2021-11-19 22:04:06
自动,运行中,否,否,否,2021-11-19 22:04:17
堵线,运行中,否,否,否,2021-11-19 22:04:36
自动,运行中,否,否,否,2021-11-19 22:05:13
堵线,运行中,否,否,否,2021-11-19 22:05:32
自动,运行中,否,否,否,2021-11-19 22:05:56
堵线,运行中,否,否,否,2021-11-19 22:06:15
自动,运行中,否,否,否,2021-11-19 22:07:00
堵线,运行中,否,否,否,2021-11-19 22:07:20
自动,运行中,否,否,否,2021-11-19 22:07:49
堵线,运行中,否,否,否,2021-11-19 22:08:08
堵线,空闲,否,否,否,2021-11-19 22:08:16
自动,空闲,否,否,否,2021-11-19 22:08:21
堵线,空闲,否,否,否,2021-11-19 22:08:40
自动,空闲,否,否,否,2021-11-19 22:10:11
堵线,空闲,否,否,否,2021-11-19 22:10:24
等料,空闲,否,否,否,2021-11-19 22:11:17
自动,空闲,否,否,否,2021-11-19 22:15:22
自动,运行中,否,否,否,2021-11-19 22:15:40
堵线,运行中,否,否,否,2021-11-19 22:17:21
自动,运行中,否,否,否,2021-11-19 22:17:29
堵线,运行中,否,否,否,2021-11-19 22:17:48
自动,运行中,否,否,否,2021-11-19 22:17:53
堵线,运行中,否,否,否,2021-11-19 22:18:12
自动,运行中,否,否,否,2021-11-19 22:18:21
堵线,运行中,否,否,否,2021-11-19 22:18:34
自动,运行中,否,否,否,2021-11-19 22:18:42
堵线,运行中,否,否,否,2021-11-19 22:18:58
自动,运行中,否,否,否,2021-11-19 22:19:11
堵线,运行中,否,否,否,2021-11-19 22:19:30
自动,运行中,否,否,否,2021-11-19 22:19:32
堵线,运行中,否,否,否,2021-11-19 22:19:52
自动,运行中,否,否,否,2021-11-19 22:19:59
堵线,运行中,否,否,否,2021-11-19 22:20:19
自动,运行中,否,否,否,2021-11-19 22:20:21
堵线,运行中,否,否,否,2021-11-19 22:20:40
自动,运行中,否,否,否,2021-11-19 22:20:48
堵线,运行中,否,否,否,2021-11-19 22:21:07
自动,运行中,否,否,否,2021-11-19 22:21:10
堵线,运行中,否,否,否,2021-11-19 22:21:27
自动,运行中,否,否,否,2021-11-19 22:21:30
堵线,运行中,否,否,否,2021-11-19 22:21:49
自动,运行中,否,否,否,2021-11-19 22:21:58
堵线,运行中,否,否,否,2021-11-19 22:22:11
自动,运行中,否,否,否,2021-11-19 22:22:16
堵线,运行中,否,否,否,2021-11-19 22:22:35
自动,运行中,否,否,否,2021-11-19 22:22:51
堵线,运行中,否,否,否,2021-11-19 22:23:07
自动,运行中,否,否,否,2021-11-19 22:23:15
堵线,运行中,否,否,否,2021-11-19 22:23:31
自动,运行中,否,否,否,2021-11-19 22:23:36
堵线,运行中,否,否,否,2021-11-19 22:23:55
自动,运行中,否,否,否,2021-11-19 22:24:00
堵线,运行中,否,否,否,2021-11-19 22:24:19
等料,运行中,否,否,否,2021-11-19 22:24:30
自动,运行中,否,否,否,2021-11-19 22:25:13
堵线,运行中,否,否,否,2021-11-19 22:25:31
等料,运行中,否,否,否,2021-11-19 22:25:37
自动,运行中,否,否,否,2021-11-19 22:25:55
等料,运行中,否,否,否,2021-11-19 22:26:20
自动,运行中,否,否,否,2021-11-19 22:26:59
等料,运行中,否,否,否,2021-11-19 22:27:18
自动,运行中,否,否,否,2021-11-19 22:27:50
等料,运行中,否,否,否,2021-11-19 22:28:50
自动,运行中,否,否,否,2021-11-19 22:29:18
等料,运行中,否,否,否,2021-11-19 22:29:55
自动,运行中,否,否,否,2021-11-19 22:30:02
堵线,运行中,否,否,否,2021-11-19 22:30:17
等料,运行中,否,否,否,2021-11-19 22:30:23
自动,运行中,否,否,否,2021-11-19 22:31:08
等料,运行中,否,否,否,2021-11-19 22:31:27
等料,空闲,否,否,否,2021-11-19 22:31:44
等料,运行中,否,否,否,2021-11-19 22:31:47
自动,运行中,否,否,否,2021-11-19 23:35:08
等料,运行中,否,否,否,2021-11-19 23:35:33
等料,空闲,否,否,否,2021-11-19 23:35:36
等料,运行中,否,否,否,2021-11-19 23:35:41
自动,运行中,否,否,否,2021-11-19 23:36:12
自动,空闲,否,否,否,2021-11-19 23:36:40
堵线,空闲,否,否,否,2021-11-19 23:36:50
自动,空闲,否,否,否,2021-11-19 23:44:39
堵线,空闲,否,否,否,2021-11-19 23:44:58
自动,空闲,否,否,否,2021-11-19 23:45:43
暂停,空闲,否,否,否,2021-11-19 23:47:58
自动,空闲,否,否,否,2021-11-19 23:48:51
自动,运行中,否,否,否,2021-11-19 23:49:51
堵线,运行中,否,否,否,2021-11-19 23:51:30
自动,运行中,否,否,否,2021-11-19 23:51:37
堵线,运行中,否,否,否,2021-11-19 23:51:50
自动,空闲,否,否,否,2021-11-19 23:52:01
自动,运行中,否,否,否,2021-11-19 23:52:12
堵线,运行中,否,否,否,2021-11-19 23:52:23
自动,运行中,否,否,否,2021-11-19 23:52:34
堵线,运行中,否,否,否,2021-11-19 23:53:33
自动,运行中,否,否,否,2021-11-19 23:53:57
堵线,运行中,否,否,否,2021-11-19 23:54:16
自动,运行中,否,否,否,2021-11-19 23:54:38
堵线,运行中,否,否,否,2021-11-19 23:54:51
自动,运行中,否,否,否,2021-11-19 23:55:15
等料,运行中,否,否,否,2021-11-19 23:55:21
自动,运行中,否,否,否,2021-11-19 23:56:16
等料,运行中,否,否,否,2021-11-19 23:56:37
等料,空闲,否,否,否,2021-11-19 23:56:46
自动,空闲,否,否,否,2021-11-19 23:57:04
等料,空闲,否,否,否,2021-11-19 23:57:23
自动,空闲,否,否,否,2021-11-19 23:57:43
等料,空闲,否,否,否,2021-11-19 23:58:07
自动,空闲,否,否,否,2021-11-19 23:58:23
自动,运行中,否,否,否,2021-11-19 23:58:28
自动,空闲,否,否,否,2021-11-19 23:59:02
自动,运行中,否,否,否,2021-11-19 23:59:05
自动,空闲,否,否,否,2021-11-20 00:00:56
等料,空闲,否,否,否,2021-11-20 00:01:17
自动,空闲,否,否,否,2021-11-20 00:04:55
自动,运行中,否,否,否,2021-11-20 00:05:11
堵线,运行中,否,否,否,2021-11-20 00:06:53
自动,运行中,否,否,否,2021-11-20 00:07:17
堵线,运行中,否,否,否,2021-11-20 00:07:36
自动,运行中,否,否,否,2021-11-20 00:08:12
堵线,运行中,否,否,否,2021-11-20 00:08:25
自动,运行中,否,否,否,2021-11-20 00:08:38
堵线,运行中,否,否,否,2021-11-20 00:08:58
自动,运行中,否,否,否,2021-11-20 00:09:18
暂停,运行中,否,否,否,2021-11-20 00:09:47
自动,运行中,否,否,否,2021-11-20 00:09:55
自动,空闲,否,否,否,2021-11-20 00:10:33
堵线,空闲,否,否,否,2021-11-20 00:10:49
等料,空闲,否,否,否,2021-11-20 00:12:45
自动,空闲,否,否,否,2021-11-20 00:18:52
自动,运行中,否,否,否,2021-11-20 00:26:19
堵线,运行中,否,否,否,2021-11-20 00:28:04
自动,运行中,否,否,否,2021-11-20 00:28:21
堵线,运行中,否,否,否,2021-11-20 00:28:34
自动,运行中,否,否,否,2021-11-20 00:28:47
堵线,运行中,否,否,否,2021-11-20 00:29:06
自动,运行中,否,否,否,2021-11-20 00:29:25
堵线,运行中,否,否,否,2021-11-20 00:29:44
自动,运行中,否,否,否,2021-11-20 00:29:55
堵线,运行中,否,否,否,2021-11-20 00:30:14
自动,运行中,否,否,否,2021-11-20 00:30:43
堵线,运行中,否,否,否,2021-11-20 00:31:02
自动,运行中,否,否,否,2021-11-20 00:31:29
堵线,运行中,否,否,否,2021-11-20 00:31:48
自动,运行中,否,否,否,2021-11-20 00:32:08
堵线,运行中,否,否,否,2021-11-20 00:32:27
自动,运行中,否,否,否,2021-11-20 00:32:40
堵线,运行中,否,否,否,2021-11-20 00:33:00
自动,运行中,否,否,否,2021-11-20 00:34:08
堵线,运行中,否,否,否,2021-11-20 00:34:22
自动,运行中,否,否,否,2021-11-20 00:34:24
自动,空闲,否,否,否,2021-11-20 00:34:31
堵线,空闲,否,否,否,2021-11-20 00:34:44
自动,空闲,否,否,否,2021-11-20 00:34:58
堵线,空闲,否,否,否,2021-11-20 00:35:11
自动,空闲,否,否,否,2021-11-20 00:35:31
自动,运行中,否,否,否,2021-11-20 00:38:12
堵线,运行中,否,否,否,2021-11-20 00:39:52
自动,空闲,否,否,否,2021-11-20 00:40:07
堵线,空闲,否,否,否,2021-11-20 00:40:20
自动,空闲,否,否,否,2021-11-20 00:40:30
堵线,空闲,否,否,否,2021-11-20 00:40:50
自动,空闲,否,否,否,2021-11-20 00:41:03
等料,空闲,否,否,否,2021-11-20 00:41:09
等料,运行中,否,否,否,2021-11-20 00:41:30
自动,运行中,否,否,否,2021-11-20 00:41:41
堵线,运行中,否,否,否,2021-11-20 00:43:09
自动,运行中,否,否,否,2021-11-20 00:43:15
堵线,运行中,否,否,否,2021-11-20 00:44:04
自动,运行中,否,否,否,2021-11-20 00:44:15
堵线,运行中,否,否,否,2021-11-20 00:44:50
自动,运行中,否,否,否,2021-11-20 00:44:55
堵线,运行中,否,否,否,2021-11-20 00:45:14
自动,运行中,否,否,否,2021-11-20 00:45:20
堵线,运行中,否,否,否,2021-11-20 00:45:39
自动,运行中,否,否,否,2021-11-20 00:45:55
堵线,运行中,否,否,否,2021-11-20 00:46:14
自动,运行中,否,否,否,2021-11-20 00:46:33
堵线,运行中,否,否,否,2021-11-20 00:47:18
自动,运行中,否,否,否,2021-11-20 00:47:38
堵线,运行中,否,否,否,2021-11-20 00:47:51
自动,运行中,否,否,否,2021-11-20 00:47:59
堵线,运行中,否,否,否,2021-11-20 00:48:18
自动,运行中,否,否,否,2021-11-20 00:48:29
堵线,运行中,否,否,否,2021-11-20 00:48:48
自动,运行中,否,否,否,2021-11-20 00:49:02
堵线,运行中,否,否,否,2021-11-20 00:49:15
自动,运行中,否,否,否,2021-11-20 00:49:59
堵线,运行中,否,否,否,2021-11-20 00:50:51
堵线,空闲,否,否,否,2021-11-20 00:50:59
自动,空闲,否,否,否,2021-11-20 00:51:09
堵线,空闲,否,否,否,2021-11-20 00:51:29
等料,空闲,否,否,否,2021-11-20 00:51:40
暂停,空闲,否,否,否,2021-11-20 00:55:54
自动,空闲,否,否,否,2021-11-20 00:56:12
等料,空闲,否,否,否,2021-11-20 00:56:29
自动,空闲,否,否,否,2021-11-20 00:59:57
自动,运行中,否,否,否,2021-11-20 01:00:33
堵线,运行中,否,否,否,2021-11-20 01:02:33
自动,运行中,否,否,否,2021-11-20 01:02:52
堵线,运行中,否,否,否,2021-11-20 01:03:11
自动,运行中,否,否,否,2021-11-20 01:03:22
堵线,运行中,否,否,否,2021-11-20 01:03:36
自动,运行中,否,否,否,2021-11-20 01:03:50
堵线,运行中,否,否,否,2021-11-20 01:04:03
等料,空闲,否,否,否,2021-11-20 01:04:14
自动,空闲,否,否,否,2021-11-20 01:04:20
堵线,空闲,否,否,否,2021-11-20 01:04:36
堵线,运行中,否,否,否,2021-11-20 01:04:38
自动,运行中,否,否,否,2021-11-20 01:04:44
堵线,运行中,否,否,否,2021-11-20 01:05:03
自动,空闲,否,否,否,2021-11-20 01:05:14
堵线,空闲,否,否,否,2021-11-20 01:05:36
等料,空闲,否,否,否,2021-11-20 01:05:43
自动,空闲,否,否,否,2021-11-20 01:14:11
自动,运行中,否,否,否,2021-11-20 01:14:42
堵线,运行中,否,否,否,2021-11-20 01:16:41
自动,运行中,否,否,否,2021-11-20 01:16:50
堵线,运行中,否,否,否,2021-11-20 01:17:03
自动,运行中,否,否,否,2021-11-20 01:17:11
堵线,运行中,否,否,否,2021-11-20 01:17:30
自动,运行中,否,否,否,2021-11-20 01:17:38
堵线,运行中,否,否,否,2021-11-20 01:17:57
自动,运行中,否,否,否,2021-11-20 01:18:02
堵线,运行中,否,否,否,2021-11-20 01:18:22
自动,运行中,否,否,否,2021-11-20 01:18:33
堵线,运行中,否,否,否,2021-11-20 01:18:47
自动,运行中,否,否,否,2021-11-20 01:19:43
堵线,运行中,否,否,否,2021-11-20 01:19:46
自动,运行中,否,否,否,2021-11-20 01:19:56
堵线,运行中,否,否,否,2021-11-20 01:20:16
自动,运行中,否,否,否,2021-11-20 01:20:24
堵线,运行中,否,否,否,2021-11-20 01:20:43
自动,运行中,否,否,否,2021-11-20 01:20:48
堵线,运行中,否,否,否,2021-11-20 01:21:08
自动,运行中,否,否,否,2021-11-20 01:21:18
堵线,运行中,否,否,否,2021-11-20 01:21:38
自动,运行中,否,否,否,2021-11-20 01:22:04
堵线,运行中,否,否,否,2021-11-20 01:22:25
自动,运行中,否,否,否,2021-11-20 01:22:59
堵线,运行中,否,否,否,2021-11-20 01:23:18
自动,运行中,否,否,否,2021-11-20 01:23:26
堵线,运行中,否,否,否,2021-11-20 01:23:45
自动,运行中,否,否,否,2021-11-20 01:23:50
堵线,运行中,否,否,否,2021-11-20 01:24:10
自动,运行中,否,否,否,2021-11-20 01:24:23
堵线,运行中,否,否,否,2021-11-20 01:24:42
自动,运行中,否,否,否,2021-11-20 01:24:50
堵线,运行中,否,否,否,2021-11-20 01:25:10
等料,运行中,否,否,否,2021-11-20 01:25:20
自动,运行中,否,否,否,2021-11-20 01:33:05
等料,运行中,否,否,否,2021-11-20 01:33:48
自动,空闲,否,否,否,2021-11-20 01:33:58
自动,运行中,否,否,否,2021-11-20 01:34:06
等料,运行中,否,否,否,2021-11-20 01:34:17
自动,运行中,否,否,否,2021-11-20 01:34:24
自动,空闲,否,否,否,2021-11-20 01:35:01
自动,运行中,否,否,否,2021-11-20 01:35:04
堵线,运行中,否,否,否,2021-11-20 01:35:07
自动,运行中,否,否,否,2021-11-20 01:35:09
堵线,运行中,否,否,否,2021-11-20 01:35:29
自动,运行中,否,否,否,2021-11-20 01:36:20
堵线,运行中,否,否,否,2021-11-20 01:36:33
自动,运行中,否,否,否,2021-11-20 01:36:35
堵线,运行中,否,否,否,2021-11-20 01:36:55
堵线,空闲,否,否,否,2021-11-20 01:37:03
堵线,运行中,否,否,否,2021-11-20 01:37:09
自动,运行中,否,否,否,2021-11-20 01:37:19
堵线,运行中,否,否,否,2021-11-20 01:37:38
自动,运行中,否,否,否,2021-11-20 01:37:51
堵线,运行中,否,否,否,2021-11-20 01:38:11
自动,运行中,否,否,否,2021-11-20 01:38:24
堵线,运行中,否,否,否,2021-11-20 01:38:44
自动,运行中,否,否,否,2021-11-20 01:38:52
堵线,运行中,否,否,否,2021-11-20 01:39:11
自动,运行中,否,否,否,2021-11-20 01:39:36
堵线,运行中,否,否,否,2021-11-20 01:39:49
自动,运行中,否,否,否,2021-11-20 01:40:08
堵线,运行中,否,否,否,2021-11-20 01:40:27
自动,运行中,否,否,否,2021-11-20 01:40:40
堵线,运行中,否,否,否,2021-11-20 01:41:00
自动,运行中,否,否,否,2021-11-20 01:41:26
堵线,运行中,否,否,否,2021-11-20 01:41:45
自动,运行中,否,否,否,2021-11-20 01:42:04
堵线,运行中,否,否,否,2021-11-20 01:42:23
自动,运行中,否,否,否,2021-11-20 01:42:38
堵线,运行中,否,否,否,2021-11-20 01:42:54
堵线,空闲,否,否,否,2021-11-20 01:43:01
自动,空闲,否,否,否,2021-11-20 01:43:09
堵线,空闲,否,否,否,2021-11-20 01:43:29
等料,空闲,否,否,否,2021-11-20 01:43:42
自动,空闲,否,否,否,2021-11-20 01:45:20
等料,空闲,否,否,否,2021-11-20 01:45:38
自动,运行中,否,否,否,2021-11-20 01:52:31
堵线,运行中,否,否,否,2021-11-20 01:53:08
自动,运行中,否,否,否,2021-11-20 01:53:14
堵线,运行中,否,否,否,2021-11-20 01:54:10
自动,运行中,否,否,否,2021-11-20 01:54:25
堵线,运行中,否,否,否,2021-11-20 01:54:45
自动,运行中,否,否,否,2021-11-20 01:54:50
堵线,运行中,否,否,否,2021-11-20 01:55:10
自动,运行中,否,否,否,2021-11-20 01:55:24
堵线,运行中,否,否,否,2021-11-20 01:55:40
自动,运行中,否,否,否,2021-11-20 01:55:48
堵线,运行中,否,否,否,2021-11-20 01:56:07
自动,运行中,否,否,否,2021-11-20 01:56:15
堵线,运行中,否,否,否,2021-11-20 01:56:34
自动,运行中,否,否,否,2021-11-20 01:56:45
堵线,运行中,否,否,否,2021-11-20 01:57:04
自动,运行中,否,否,否,2021-11-20 01:57:12
堵线,运行中,否,否,否,2021-11-20 01:57:32
自动,运行中,否,否,否,2021-11-20 01:57:50
堵线,运行中,否,否,否,2021-11-20 01:58:34
自动,运行中,否,否,否,2021-11-20 01:58:55
堵线,运行中,否,否,否,2021-11-20 01:59:14
自动,运行中,否,否,否,2021-11-20 01:59:20
堵线,运行中,否,否,否,2021-11-20 01:59:39
堵线,空闲,否,否,否,2021-11-20 01:59:50
自动,空闲,否,否,否,2021-11-20 01:59:52
堵线,空闲,否,否,否,2021-11-20 02:00:12
自动,空闲,否,否,否,2021-11-20 02:00:57
堵线,空闲,否,否,否,2021-11-20 02:01:16
自动,空闲,否,否,否,2021-11-20 02:01:23
自动,运行中,否,否,否,2021-11-20 02:01:42
堵线,运行中,否,否,否,2021-11-20 02:03:41
自动,运行中,否,否,否,2021-11-20 02:03:53
堵线,运行中,否,否,否,2021-11-20 02:04:06
自动,运行中,否,否,否,2021-11-20 02:04:19
堵线,运行中,否,否,否,2021-11-20 02:04:39
自动,运行中,否,否,否,2021-11-20 02:05:10
堵线,运行中,否,否,否,2021-11-20 02:06:00
自动,运行中,否,否,否,2021-11-20 02:06:32
堵线,运行中,否,否,否,2021-11-20 02:06:51
自动,运行中,否,否,否,2021-11-20 02:06:59
堵线,运行中,否,否,否,2021-11-20 02:07:19
自动,运行中,否,否,否,2021-11-20 02:07:32
堵线,运行中,否,否,否,2021-11-20 02:07:50
自动,运行中,否,否,否,2021-11-20 02:08:01
堵线,运行中,否,否,否,2021-11-20 02:08:20
堵线,空闲,否,否,否,2021-11-20 02:08:30
自动,空闲,否,否,否,2021-11-20 02:08:41
堵线,空闲,否,否,否,2021-11-20 02:08:57
自动,空闲,否,否,否,2021-11-20 02:09:10
等料,空闲,否,否,否,2021-11-20 02:09:51
等料,运行中,否,否,否,2021-11-20 02:10:46
自动,运行中,否,否,否,2021-11-20 02:11:06
堵线,运行中,否,否,否,2021-11-20 02:13:08
自动,运行中,否,否,否,2021-11-20 02:13:21
堵线,运行中,否,否,否,2021-11-20 02:13:40
自动,运行中,否,否,否,2021-11-20 02:13:53
堵线,运行中,否,否,否,2021-11-20 02:14:12
自动,运行中,否,否,否,2021-11-20 02:15:01
堵线,运行中,否,否,否,2021-11-20 02:15:21
自动,运行中,否,否,否,2021-11-20 02:15:41
堵线,运行中,否,否,否,2021-11-20 02:16:23
自动,运行中,否,否,否,2021-11-20 02:16:45
堵线,运行中,否,否,否,2021-11-20 02:17:19
自动,运行中,否,否,否,2021-11-20 02:17:22
堵线,运行中,否,否,否,2021-11-20 02:17:42
自动,运行中,否,否,否,2021-11-20 02:18:26
堵线,运行中,否,否,否,2021-11-20 02:18:39
自动,运行中,否,否,否,2021-11-20 02:19:06
堵线,运行中,否,否,否,2021-11-20 02:19:19
自动,运行中,否,否,否,2021-11-20 02:19:25
堵线,运行中,否,否,否,2021-11-20 02:19:44
自动,运行中,否,否,否,2021-11-20 02:20:05
堵线,运行中,否,否,否,2021-11-20 02:20:25
堵线,空闲,否,否,否,2021-11-20 02:20:33
自动,空闲,否,否,否,2021-11-20 02:20:46
堵线,空闲,否,否,否,2021-11-20 02:21:05
等料,空闲,否,否,否,2021-11-20 02:21:45
等料,运行中,否,否,否,2021-11-20 02:22:44
自动,运行中,否,否,否,2021-11-20 02:22:57
堵线,运行中,否,否,否,2021-11-20 02:24:03
自动,运行中,否,否,否,2021-11-20 02:24:08
堵线,运行中,否,否,否,2021-11-20 02:24:28
自动,运行中,否,否,否,2021-11-20 02:24:41
堵线,运行中,否,否,否,2021-11-20 02:25:00
自动,运行中,否,否,否,2021-11-20 02:25:17
堵线,运行中,否,否,否,2021-11-20 02:25:30
自动,运行中,否,否,否,2021-11-20 02:25:43
堵线,运行中,否,否,否,2021-11-20 02:26:03
自动,运行中,否,否,否,2021-11-20 02:26:16
堵线,运行中,否,否,否,2021-11-20 02:26:35
自动,运行中,否,否,否,2021-11-20 02:26:48
堵线,运行中,否,否,否,2021-11-20 02:27:08
自动,运行中,否,否,否,2021-11-20 02:27:18
堵线,运行中,否,否,否,2021-11-20 02:27:38
自动,运行中,否,否,否,2021-11-20 02:27:59
堵线,运行中,否,否,否,2021-11-20 02:28:12
自动,运行中,否,否,否,2021-11-20 02:28:42
堵线,运行中,否,否,否,2021-11-20 02:28:55
自动,运行中,否,否,否,2021-11-20 02:29:29
堵线,运行中,否,否,否,2021-11-20 02:29:48
自动,运行中,否,否,否,2021-11-20 02:30:37
堵线,运行中,否,否,否,2021-11-20 02:30:56
自动,运行中,否,否,否,2021-11-20 02:31:20
堵线,运行中,否,否,否,2021-11-20 02:31:39
自动,运行中,否,否,否,2021-11-20 02:32:03
堵线,运行中,否,否,否,2021-11-20 02:32:20
自动,运行中,否,否,否,2021-11-20 02:32:44
堵线,运行中,否,否,否,2021-11-20 02:33:04
自动,运行中,否,否,否,2021-11-20 02:34:07
堵线,运行中,否,否,否,2021-11-20 02:34:27
自动,运行中,否,否,否,2021-11-20 02:36:00
堵线,运行中,否,否,否,2021-11-20 02:36:02
自动,运行中,否,否,否,2021-11-20 02:36:39
堵线,运行中,否,否,否,2021-11-20 02:36:59
自动,运行中,否,否,否,2021-11-20 02:37:36
堵线,运行中,否,否,否,2021-11-20 02:37:49
自动,运行中,否,否,否,2021-11-20 02:38:42
堵线,运行中,否,否,否,2021-11-20 02:39:01
自动,运行中,否,否,否,2021-11-20 02:39:55
堵线,运行中,否,否,否,2021-11-20 02:40:08
自动,运行中,否,否,否,2021-11-20 02:40:39
堵线,运行中,否,否,否,2021-11-20 02:40:59
自动,运行中,否,否,否,2021-11-20 02:41:29
堵线,运行中,否,否,否,2021-11-20 02:41:42
自动,运行中,否,否,否,2021-11-20 02:42:11
堵线,运行中,否,否,否,2021-11-20 02:42:30
自动,运行中,否,否,否,2021-11-20 02:42:54
堵线,运行中,否,否,否,2021-11-20 02:43:14
自动,运行中,否,否,否,2021-11-20 02:43:35
堵线,运行中,否,否,否,2021-11-20 02:43:54
自动,运行中,否,否,否,2021-11-20 02:44:15
堵线,运行中,否,否,否,2021-11-20 02:44:35
自动,运行中,否,否,否,2021-11-20 02:44:58
堵线,运行中,否,否,否,2021-11-20 02:45:18
自动,运行中,否,否,否,2021-11-20 02:46:24
堵线,运行中,否,否,否,2021-11-20 02:46:37
自动,运行中,否,否,否,2021-11-20 02:47:36
堵线,运行中,否,否,否,2021-11-20 02:47:52
自动,运行中,否,否,否,2021-11-20 02:48:37
堵线,运行中,否,否,否,2021-11-20 02:49:44
自动,运行中,否,否,否,2021-11-20 02:50:55
堵线,运行中,否,否,否,2021-11-20 02:51:14
自动,运行中,否,否,否,2021-11-20 02:51:35
堵线,运行中,否,否,否,2021-11-20 02:51:55
自动,运行中,否,否,否,2021-11-20 02:52:10
堵线,运行中,否,否,否,2021-11-20 02:52:30
自动,运行中,否,否,否,2021-11-20 02:53:05
堵线,运行中,否,否,否,2021-11-20 02:53:25
自动,运行中,否,否,否,2021-11-20 02:53:40
堵线,运行中,否,否,否,2021-11-20 02:54:00
等料,运行中,否,否,否,2021-11-20 02:54:23
自动,运行中,否,否,否,2021-11-20 02:54:45
堵线,运行中,否,否,否,2021-11-20 02:55:04
自动,运行中,否,否,否,2021-11-20 02:55:06
堵线,运行中,否,否,否,2021-11-20 02:55:26
自动,运行中,否,否,否,2021-11-20 02:56:08
堵线,运行中,否,否,否,2021-11-20 02:56:27
自动,运行中,否,否,否,2021-11-20 02:56:46
堵线,运行中,否,否,否,2021-11-20 02:57:05
自动,运行中,否,否,否,2021-11-20 02:57:31
堵线,运行中,否,否,否,2021-11-20 02:57:51
自动,运行中,否,否,否,2021-11-20 02:58:17
堵线,运行中,否,否,否,2021-11-20 02:58:36
自动,运行中,否,否,否,2021-11-20 02:59:35
堵线,运行中,否,否,否,2021-11-20 02:59:48
自动,运行中,否,否,否,2021-11-20 03:02:08
堵线,运行中,否,否,否,2021-11-20 03:02:27
自动,运行中,否,否,否,2021-11-20 03:04:21
堵线,运行中,否,否,否,2021-11-20 03:04:40
自动,运行中,否,否,否,2021-11-20 03:05:17
堵线,运行中,否,否,否,2021-11-20 03:05:37
自动,运行中,否,否,否,2021-11-20 03:05:55
堵线,运行中,否,否,否,2021-11-20 03:06:14
自动,运行中,否,否,否,2021-11-20 03:06:39
堵线,运行中,否,否,否,2021-11-20 03:06:52
自动,运行中,否,否,否,2021-11-20 03:07:08
堵线,运行中,否,否,否,2021-11-20 03:07:27
自动,运行中,否,否,否,2021-11-20 03:07:59
堵线,运行中,否,否,否,2021-11-20 03:08:18
自动,运行中,否,否,否,2021-11-20 03:08:37
堵线,运行中,否,否,否,2021-11-20 03:08:56
自动,运行中,否,否,否,2021-11-20 03:09:07
堵线,运行中,否,否,否,2021-11-20 03:09:26
自动,运行中,否,否,否,2021-11-20 03:09:42
堵线,运行中,否,否,否,2021-11-20 03:10:01
自动,运行中,否,否,否,2021-11-20 03:10:20
堵线,运行中,否,否,否,2021-11-20 03:10:39
自动,运行中,否,否,否,2021-11-20 03:10:49
堵线,运行中,否,否,否,2021-11-20 03:11:09
自动,运行中,否,否,否,2021-11-20 03:11:30
堵线,运行中,否,否,否,2021-11-20 03:11:47
自动,运行中,否,否,否,2021-11-20 03:12:02
堵线,运行中,否,否,否,2021-11-20 03:12:22
自动,运行中,否,否,否,2021-11-20 03:12:35
堵线,运行中,否,否,否,2021-11-20 03:12:54
自动,运行中,否,否,否,2021-11-20 03:13:14
堵线,运行中,否,否,否,2021-11-20 03:13:28
自动,运行中,否,否,否,2021-11-20 03:13:41
堵线,运行中,否,否,否,2021-11-20 03:14:00
自动,运行中,否,否,否,2021-11-20 03:14:57
堵线,运行中,否,否,否,2021-11-20 03:15:10
自动,运行中,否,否,否,2021-11-20 03:15:39
堵线,运行中,否,否,否,2021-11-20 03:15:59
自动,运行中,否,否,否,2021-11-20 03:16:12
堵线,运行中,否,否,否,2021-11-20 03:16:31
自动,运行中,否,否,否,2021-11-20 03:16:42
堵线,运行中,否,否,否,2021-11-20 03:17:01
自动,运行中,否,否,否,2021-11-20 03:17:14
堵线,运行中,否,否,否,2021-11-20 03:18:01
自动,运行中,否,否,否,2021-11-20 03:18:09
堵线,运行中,否,否,否,2021-11-20 03:18:29
自动,运行中,否,否,否,2021-11-20 03:18:42
堵线,运行中,否,否,否,2021-11-20 03:19:01
自动,运行中,否,否,否,2021-11-20 03:19:19
堵线,运行中,否,否,否,2021-11-20 03:19:39
自动,运行中,否,否,否,2021-11-20 03:20:00
堵线,运行中,否,否,否,2021-11-20 03:20:19
自动,运行中,否,否,否,2021-11-20 03:20:27
堵线,运行中,否,否,否,2021-11-20 03:20:47
自动,运行中,否,否,否,2021-11-20 03:20:57
堵线,运行中,否,否,否,2021-11-20 03:21:16
自动,运行中,否,否,否,2021-11-20 03:21:56
堵线,运行中,否,否,否,2021-11-20 03:22:15
自动,运行中,否,否,否,2021-11-20 03:22:23
堵线,运行中,否,否,否,2021-11-20 03:22:42
自动,运行中,否,否,否,2021-11-20 03:22:53
堵线,运行中,否,否,否,2021-11-20 03:23:13
自动,运行中,否,否,否,2021-11-20 03:23:29
堵线,运行中,否,否,否,2021-11-20 03:23:48
自动,运行中,否,否,否,2021-11-20 03:24:01
堵线,运行中,否,否,否,2021-11-20 03:24:20
自动,运行中,否,否,否,2021-11-20 03:24:36
堵线,运行中,否,否,否,2021-11-20 03:24:56
堵线,运行中,否,是,否,2021-11-20 03:25:11
自动,运行中,否,是,否,2021-11-20 03:25:14
堵线,运行中,否,是,否,2021-11-20 03:25:34
自动,运行中,否,是,否,2021-11-20 03:25:47
堵线,运行中,否,是,否,2021-11-20 03:26:06
堵线,空闲,否,是,否,2021-11-20 03:26:14
自动,空闲,否,是,否,2021-11-20 03:26:19
堵线,空闲,否,是,否,2021-11-20 03:26:39
自动,空闲,否,是,否,2021-11-20 03:26:49
堵线,空闲,否,是,否,2021-11-20 03:27:09
自动,空闲,否,是,否,2021-11-20 03:27:25
自动,运行中,否,否,否,2021-11-20 03:27:37
堵线,运行中,否,否,否,2021-11-20 03:29:18
自动,运行中,否,否,否,2021-11-20 03:29:32
堵线,运行中,否,否,否,2021-11-20 03:29:51
自动,运行中,否,否,否,2021-11-20 03:30:08
堵线,运行中,否,否,否,2021-11-20 03:30:21
自动,运行中,否,否,否,2021-11-20 03:31:21
堵线,运行中,否,否,否,2021-11-20 03:31:34
自动,运行中,否,否,否,2021-11-20 03:31:58
堵线,运行中,否,否,否,2021-11-20 03:32:17
自动,运行中,否,否,否,2021-11-20 03:32:49
堵线,运行中,否,否,否,2021-11-20 03:33:09
自动,运行中,否,否,否,2021-11-20 03:33:36
堵线,运行中,否,否,否,2021-11-20 03:33:49
自动,运行中,否,否,否,2021-11-20 03:34:07
堵线,运行中,否,否,否,2021-11-20 03:34:27
自动,运行中,否,否,否,2021-11-20 03:34:48
堵线,运行中,否,否,否,2021-11-20 03:35:07
自动,运行中,否,否,否,2021-11-20 03:35:44
堵线,运行中,否,否,否,2021-11-20 03:36:03
自动,运行中,否,否,否,2021-11-20 03:36:19
堵线,运行中,否,否,否,2021-11-20 03:36:38
自动,运行中,否,否,否,2021-11-20 03:37:45
堵线,运行中,否,否,否,2021-11-20 03:38:05
自动,运行中,否,否,否,2021-11-20 03:38:36
堵线,运行中,否,否,否,2021-11-20 03:38:56
自动,运行中,否,否,否,2021-11-20 03:39:11
堵线,运行中,否,否,否,2021-11-20 03:39:32
自动,运行中,否,否,否,2021-11-20 03:40:32
堵线,运行中,否,否,否,2021-11-20 03:40:52
自动,运行中,否,否,否,2021-11-20 03:41:16
堵线,运行中,否,否,否,2021-11-20 03:41:30
自动,运行中,否,否,否,2021-11-20 03:41:44
堵线,运行中,否,否,否,2021-11-20 03:41:57
自动,运行中,否,否,否,2021-11-20 03:42:15
堵线,运行中,否,否,否,2021-11-20 03:42:35
自动,运行中,否,否,否,2021-11-20 03:43:18
堵线,运行中,否,否,否,2021-11-20 03:43:32
自动,运行中,否,否,否,2021-11-20 03:43:53
堵线,运行中,否,否,否,2021-11-20 03:44:13
自动,运行中,否,否,否,2021-11-20 03:44:36
堵线,运行中,否,否,否,2021-11-20 03:44:56
自动,运行中,否,否,否,2021-11-20 03:45:25
堵线,运行中,否,否,否,2021-11-20 03:45:39
自动,运行中,否,否,否,2021-11-20 03:46:16
堵线,运行中,否,否,否,2021-11-20 03:46:35
自动,运行中,否,否,否,2021-11-20 03:47:25
堵线,运行中,否,否,否,2021-11-20 03:47:44
自动,运行中,否,否,否,2021-11-20 03:47:52
堵线,运行中,否,否,否,2021-11-20 03:48:28
自动,运行中,否,否,否,2021-11-20 03:48:33
堵线,运行中,否,否,否,2021-11-20 03:48:52
自动,运行中,否,否,否,2021-11-20 03:49:00
堵线,运行中,否,否,否,2021-11-20 03:49:19
自动,运行中,否,否,否,2021-11-20 03:49:32
堵线,运行中,否,否,否,2021-11-20 03:49:51
自动,运行中,否,否,否,2021-11-20 03:50:10
堵线,运行中,否,否,否,2021-11-20 03:50:44
自动,运行中,否,否,否,2021-11-20 03:50:53
堵线,运行中,否,否,否,2021-11-20 03:51:08
自动,运行中,否,否,否,2021-11-20 03:51:30
堵线,运行中,否,否,否,2021-11-20 03:51:46
自动,运行中,否,否,否,2021-11-20 03:52:06
堵线,运行中,否,否,否,2021-11-20 03:52:26
自动,运行中,否,否,否,2021-11-20 03:52:49
堵线,运行中,否,否,否,2021-11-20 03:53:09
自动,运行中,否,否,否,2021-11-20 03:53:22
堵线,运行中,否,否,否,2021-11-20 03:53:41
自动,运行中,否,否,否,2021-11-20 03:54:00
堵线,运行中,否,否,否,2021-11-20 03:54:16
自动,运行中,否,否,否,2021-11-20 03:54:29
堵线,运行中,否,否,否,2021-11-20 03:54:48
自动,运行中,否,否,否,2021-11-20 03:55:09
堵线,运行中,否,否,否,2021-11-20 03:55:28
自动,运行中,否,否,否,2021-11-20 03:56:24
堵线,运行中,否,否,否,2021-11-20 03:56:43
自动,运行中,否,否,否,2021-11-20 03:56:51
堵线,运行中,否,否,否,2021-11-20 03:57:10
自动,运行中,否,否,否,2021-11-20 03:57:24
堵线,运行中,否,否,否,2021-11-20 03:57:37
自动,运行中,否,否,否,2021-11-20 03:58:07
堵线,运行中,否,否,否,2021-11-20 03:58:22
自动,运行中,否,否,否,2021-11-20 03:58:30
堵线,运行中,否,否,否,2021-11-20 03:58:50
自动,运行中,否,否,否,2021-11-20 03:58:58
堵线,运行中,否,否,否,2021-11-20 03:59:12
自动,运行中,否,否,否,2021-11-20 03:59:19
堵线,运行中,否,否,否,2021-11-20 03:59:39
自动,运行中,否,否,否,2021-11-20 03:59:47
堵线,运行中,否,否,否,2021-11-20 04:00:06
自动,运行中,否,否,否,2021-11-20 04:00:27
堵线,运行中,否,否,否,2021-11-20 04:00:46
自动,运行中,否,否,否,2021-11-20 04:00:57
堵线,运行中,否,否,否,2021-11-20 04:01:16
自动,运行中,否,否,否,2021-11-20 04:01:22
堵线,运行中,否,否,否,2021-11-20 04:01:41
自动,运行中,否,否,否,2021-11-20 04:01:49
堵线,运行中,否,否,否,2021-11-20 04:02:09
自动,运行中,否,否,否,2021-11-20 04:02:14
堵线,运行中,否,否,否,2021-11-20 04:03:04
等料,运行中,否,否,否,2021-11-20 04:03:12
自动,运行中,否,否,否,2021-11-20 04:03:30
等料,运行中,否,否,否,2021-11-20 04:03:55
自动,运行中,否,否,否,2021-11-20 04:04:47
堵线,运行中,否,否,否,2021-11-20 04:04:52
自动,运行中,否,否,否,2021-11-20 04:08:25
堵线,运行中,否,否,否,2021-11-20 04:08:44
自动,运行中,否,否,否,2021-11-20 04:08:59
暂停,运行中,否,否,否,2021-11-20 04:09:49
自动,运行中,否,否,否,2021-11-20 04:10:18
堵线,运行中,否,否,否,2021-11-20 04:11:22
自动,运行中,否,否,否,2021-11-20 04:11:32
堵线,运行中,否,否,否,2021-11-20 04:11:52
自动,运行中,否,否,否,2021-11-20 04:12:10
堵线,运行中,否,否,否,2021-11-20 04:12:30
自动,运行中,否,否,否,2021-11-20 04:12:56
堵线,运行中,否,否,否,2021-11-20 04:13:17
自动,运行中,否,否,否,2021-11-20 04:13:47
堵线,运行中,否,否,否,2021-11-20 04:14:00
自动,运行中,否,否,否,2021-11-20 04:14:19
堵线,运行中,否,否,否,2021-11-20 04:14:35
自动,运行中,否,否,否,2021-11-20 04:14:46
堵线,运行中,否,否,否,2021-11-20 04:15:05
自动,运行中,否,否,否,2021-11-20 04:15:21
堵线,运行中,否,否,否,2021-11-20 04:15:40
自动,运行中,否,否,否,2021-11-20 04:15:56
堵线,运行中,否,否,否,2021-11-20 04:16:16
自动,运行中,否,否,否,2021-11-20 04:16:29
堵线,运行中,否,否,否,2021-11-20 04:16:48
自动,运行中,否,否,否,2021-11-20 04:16:58
堵线,运行中,否,否,否,2021-11-20 04:17:18
自动,运行中,否,否,否,2021-11-20 04:17:34
堵线,运行中,否,否,否,2021-11-20 04:17:53
自动,运行中,否,否,否,2021-11-20 04:18:46
堵线,运行中,否,否,否,2021-11-20 04:19:05
自动,运行中,否,否,否,2021-11-20 04:19:15
堵线,运行中,否,否,否,2021-11-20 04:19:35
自动,运行中,否,否,否,2021-11-20 04:19:56
堵线,运行中,否,否,否,2021-11-20 04:20:15
自动,运行中,否,否,否,2021-11-20 04:20:29
堵线,运行中,否,否,否,2021-11-20 04:20:48
自动,运行中,否,否,否,2021-11-20 04:21:12
堵线,运行中,否,否,否,2021-11-20 04:21:31
自动,运行中,否,否,否,2021-11-20 04:21:47
堵线,运行中,否,否,否,2021-11-20 04:22:06
自动,运行中,否,否,否,2021-11-20 04:22:19
堵线,运行中,否,否,否,2021-11-20 04:22:39
自动,运行中,否,否,否,2021-11-20 04:22:47
堵线,运行中,否,否,否,2021-11-20 04:23:21
自动,运行中,否,否,否,2021-11-20 04:23:38
堵线,运行中,否,否,否,2021-11-20 04:23:51
自动,运行中,否,否,否,2021-11-20 04:24:09
堵线,运行中,否,否,否,2021-11-20 04:24:29
自动,运行中,否,否,否,2021-11-20 04:24:44
堵线,运行中,否,否,否,2021-11-20 04:25:04
自动,运行中,否,否,否,2021-11-20 04:25:48
堵线,运行中,否,否,否,2021-11-20 04:26:08
自动,运行中,否,否,否,2021-11-20 04:26:22
堵线,运行中,否,否,否,2021-11-20 04:26:38
自动,运行中,否,否,否,2021-11-20 04:26:48
堵线,运行中,否,否,否,2021-11-20 04:27:08
自动,运行中,否,否,否,2021-11-20 04:27:21
堵线,运行中,否,否,否,2021-11-20 04:27:40
自动,运行中,否,否,否,2021-11-20 04:27:57
堵线,运行中,否,否,否,2021-11-20 04:28:13
自动,运行中,否,否,否,2021-11-20 04:28:27
堵线,运行中,否,否,否,2021-11-20 04:28:40
自动,运行中,否,否,否,2021-11-20 04:28:48
堵线,运行中,否,否,否,2021-11-20 04:29:07
自动,运行中,否,否,否,2021-11-20 04:29:45
堵线,运行中,否,否,否,2021-11-20 04:29:58
自动,运行中,否,否,否,2021-11-20 04:30:09
堵线,运行中,否,否,否,2021-11-20 04:30:28
堵线,空闲,否,否,否,2021-11-20 04:30:36
自动,空闲,否,否,否,2021-11-20 04:30:49
自动,运行中,否,否,否,2021-11-20 04:31:03
堵线,运行中,否,否,否,2021-11-20 04:31:09
自动,运行中,否,否,否,2021-11-20 04:31:30
堵线,运行中,否,否,否,2021-11-20 04:31:49
自动,运行中,否,否,否,2021-11-20 04:32:00
堵线,运行中,否,否,否,2021-11-20 04:32:19
自动,运行中,否,否,否,2021-11-20 04:32:33
堵线,运行中,否,否,否,2021-11-20 04:32:52
自动,运行中,否,否,否,2021-11-20 04:33:05
堵线,运行中,否,否,否,2021-11-20 04:33:26
自动,运行中,否,否,否,2021-11-20 04:33:35
堵线,运行中,否,否,否,2021-11-20 04:33:48
自动,运行中,否,否,否,2021-11-20 04:34:01
堵线,运行中,否,否,否,2021-11-20 04:34:20
自动,运行中,否,否,否,2021-11-20 04:34:33
堵线,运行中,否,否,否,2021-11-20 04:34:53
自动,运行中,否,否,否,2021-11-20 04:35:04
堵线,运行中,否,否,否,2021-11-20 04:35:20
自动,运行中,否,否,否,2021-11-20 04:35:28
堵线,运行中,否,否,否,2021-11-20 04:36:18
自动,运行中,否,否,否,2021-11-20 04:36:25
堵线,运行中,否,否,否,2021-11-20 04:36:45
自动,运行中,否,否,否,2021-11-20 04:37:51
堵线,运行中,否,否,否,2021-11-20 04:38:10
自动,运行中,否,否,否,2021-11-20 04:38:15
堵线,运行中,否,否,否,2021-11-20 04:38:35
自动,运行中,否,否,否,2021-11-20 04:38:45
堵线,运行中,否,否,否,2021-11-20 04:39:05
自动,运行中,否,否,否,2021-11-20 04:39:33
堵线,运行中,否,否,否,2021-11-20 04:39:53
自动,运行中,否,否,否,2021-11-20 04:40:27
堵线,运行中,否,否,否,2021-11-20 04:40:46
自动,运行中,否,否,否,2021-11-20 04:40:52
堵线,运行中,否,否,否,2021-11-20 04:41:11
自动,运行中,否,否,否,2021-11-20 04:41:19
堵线,运行中,否,否,否,2021-11-20 04:41:38
自动,运行中,否,否,否,2021-11-20 04:41:56
堵线,运行中,否,否,否,2021-11-20 04:42:09
自动,运行中,否,否,否,2021-11-20 04:43:01
堵线,运行中,否,否,否,2021-11-20 04:43:39
自动,运行中,否,否,否,2021-11-20 04:44:15
堵线,运行中,否,否,否,2021-11-20 04:44:34
自动,运行中,否,否,否,2021-11-20 04:44:49
堵线,运行中,否,否,否,2021-11-20 04:45:02
自动,运行中,否,否,否,2021-11-20 04:45:15
堵线,运行中,否,否,否,2021-11-20 04:45:34
自动,运行中,否,否,否,2021-11-20 04:45:42
堵线,运行中,否,否,否,2021-11-20 04:46:02
自动,运行中,否,否,否,2021-11-20 04:46:25
堵线,运行中,否,否,否,2021-11-20 04:46:46
自动,运行中,否,否,否,2021-11-20 04:46:56
堵线,运行中,否,否,否,2021-11-20 04:47:16
自动,运行中,否,否,否,2021-11-20 04:47:21
堵线,运行中,否,否,否,2021-11-20 04:47:40
自动,运行中,否,否,否,2021-11-20 04:47:57
堵线,运行中,否,否,否,2021-11-20 04:48:10
自动,运行中,否,否,否,2021-11-20 04:48:21
堵线,运行中,否,否,否,2021-11-20 04:48:40
自动,运行中,否,否,否,2021-11-20 04:48:53
堵线,运行中,否,否,否,2021-11-20 04:49:49
自动,运行中,否,否,否,2021-11-20 04:50:05
堵线,运行中,否,否,否,2021-11-20 04:50:25
自动,运行中,否,否,否,2021-11-20 04:50:39
堵线,运行中,否,否,否,2021-11-20 04:50:52
自动,运行中,否,否,否,2021-11-20 04:51:09
堵线,运行中,否,否,否,2021-11-20 04:51:22
自动,运行中,否,否,否,2021-11-20 04:51:39
堵线,运行中,否,否,否,2021-11-20 04:51:52
自动,运行中,否,否,否,2021-11-20 04:52:28
堵线,运行中,否,否,否,2021-11-20 04:52:34
自动,运行中,否,否,否,2021-11-20 04:53:42
堵线,运行中,否,否,否,2021-11-20 04:54:49
自动,运行中,否,否,否,2021-11-20 04:55:15
堵线,运行中,否,否,否,2021-11-20 04:55:34
自动,运行中,否,否,否,2021-11-20 04:56:35
堵线,运行中,否,否,否,2021-11-20 04:57:26
自动,运行中,否,否,否,2021-11-20 04:57:28
堵线,运行中,否,否,否,2021-11-20 04:57:48
自动,运行中,否,否,否,2021-11-20 04:57:58
堵线,运行中,否,否,否,2021-11-20 04:58:18
自动,运行中,否,否,否,2021-11-20 04:58:36
堵线,运行中,否,否,否,2021-11-20 04:58:56
自动,运行中,否,否,否,2021-11-20 04:59:03
堵线,运行中,否,否,否,2021-11-20 04:59:23
自动,运行中,否,否,否,2021-11-20 05:00:47
堵线,运行中,否,否,否,2021-11-20 05:00:54
自动,运行中,否,否,否,2021-11-20 05:01:23
堵线,运行中,否,否,否,2021-11-20 05:01:43
自动,运行中,否,否,否,2021-11-20 05:02:01
堵线,运行中,否,否,否,2021-11-20 05:02:20
自动,运行中,否,否,否,2021-11-20 05:02:36
堵线,运行中,否,否,否,2021-11-20 05:02:55
自动,运行中,否,否,否,2021-11-20 05:03:11
堵线,运行中,否,否,否,2021-11-20 05:03:31
自动,运行中,否,否,否,2021-11-20 05:03:47
堵线,运行中,否,否,否,2021-11-20 05:04:07
自动,运行中,否,否,否,2021-11-20 05:04:29
堵线,运行中,否,否,否,2021-11-20 05:04:42
自动,运行中,否,否,否,2021-11-20 05:05:03
堵线,运行中,否,否,否,2021-11-20 05:05:23
自动,运行中,否,否,否,2021-11-20 05:05:49
堵线,运行中,否,否,否,2021-11-20 05:06:09
自动,运行中,否,否,否,2021-11-20 05:06:30
堵线,运行中,否,否,否,2021-11-20 05:06:49
自动,运行中,否,否,否,2021-11-20 05:08:09
堵线,运行中,否,否,否,2021-11-20 05:08:29
自动,运行中,否,否,否,2021-11-20 05:09:03
堵线,运行中,否,否,否,2021-11-20 05:09:22
自动,运行中,否,否,否,2021-11-20 05:09:54
堵线,运行中,否,否,否,2021-11-20 05:10:13
自动,运行中,否,否,否,2021-11-20 05:10:42
堵线,运行中,否,否,否,2021-11-20 05:11:02
自动,运行中,否,否,否,2021-11-20 05:11:31
堵线,运行中,否,否,否,2021-11-20 05:11:50
自动,运行中,否,否,否,2021-11-20 05:12:19
堵线,运行中,否,否,否,2021-11-20 05:12:38
自动,运行中,否,否,否,2021-11-20 05:13:02
堵线,运行中,否,否,否,2021-11-20 05:13:21
自动,运行中,否,否,否,2021-11-20 05:13:43
堵线,运行中,否,否,否,2021-11-20 05:14:02
自动,运行中,否,否,否,2021-11-20 05:14:39
堵线,运行中,否,否,否,2021-11-20 05:14:58
自动,运行中,否,否,否,2021-11-20 05:15:25
堵线,运行中,否,否,否,2021-11-20 05:15:44
自动,运行中,否,否,否,2021-11-20 05:34:41
堵线,运行中,否,否,否,2021-11-20 05:34:56
自动,运行中,否,否,否,2021-11-20 05:35:58
堵线,运行中,否,否,否,2021-11-20 05:36:11
堵线,空闲,否,否,否,2021-11-20 05:36:22
自动,空闲,否,否,否,2021-11-20 05:36:50
堵线,空闲,否,否,否,2021-11-20 05:37:10
自动,空闲,否,否,否,2021-11-20 05:46:00
堵线,空闲,否,否,否,2021-11-20 05:46:35
自动,空闲,否,否,否,2021-11-20 05:47:04
自动,运行中,否,否,否,2021-11-20 05:47:11
自动,空闲,否,否,否,2021-11-20 05:47:47
自动,运行中,否,否,否,2021-11-20 05:48:22
自动,空闲,否,否,否,2021-11-20 05:48:59
自动,运行中,否,否,否,2021-11-20 05:49:04
自动,空闲,否,否,否,2021-11-20 05:49:40
自动,运行中,否,否,否,2021-11-20 05:50:07
自动,空闲,否,否,否,2021-11-20 05:50:41
自动,运行中,否,否,否,2021-11-20 05:50:49
自动,空闲,否,否,否,2021-11-20 05:51:24
自动,运行中,否,否,否,2021-11-20 05:51:29
自动,空闲,否,否,否,2021-11-20 05:52:25
自动,运行中,否,否,否,2021-11-20 05:52:34
自动,空闲,否,否,否,2021-11-20 05:54:28
自动,运行中,否,否,否,2021-11-20 05:54:33
堵线,运行中,否,否,否,2021-11-20 05:56:33
自动,运行中,否,否,否,2021-11-20 05:56:47
堵线,运行中,否,否,否,2021-11-20 05:57:06
自动,运行中,否,否,否,2021-11-20 05:57:22
堵线,运行中,否,否,否,2021-11-20 05:57:41
自动,运行中,否,否,否,2021-11-20 05:57:55
堵线,运行中,否,否,否,2021-11-20 05:58:14
自动,运行中,否,否,否,2021-11-20 05:58:30
堵线,运行中,否,否,否,2021-11-20 05:58:49
自动,运行中,否,否,否,2021-11-20 05:59:08
堵线,运行中,否,否,否,2021-11-20 05:59:27
自动,运行中,否,否,否,2021-11-20 06:00:01
堵线,运行中,否,否,否,2021-11-20 06:00:21
自动,运行中,否,否,否,2021-11-20 06:00:45
堵线,运行中,否,否,否,2021-11-20 06:00:58
自动,运行中,否,否,否,2021-11-20 06:01:11
堵线,运行中,否,否,否,2021-11-20 06:01:31
自动,运行中,否,否,否,2021-11-20 06:01:49
堵线,运行中,否,否,否,2021-11-20 06:02:09
自动,运行中,否,否,否,2021-11-20 06:02:52
堵线,运行中,否,否,否,2021-11-20 06:03:11
自动,运行中,否,否,否,2021-11-20 06:03:17
堵线,运行中,否,否,否,2021-11-20 06:03:36
自动,运行中,否,否,否,2021-11-20 06:03:47
堵线,运行中,否,否,否,2021-11-20 06:04:06
自动,运行中,否,否,否,2021-11-20 06:04:14
堵线,运行中,否,否,否,2021-11-20 06:04:34
自动,运行中,否,否,否,2021-11-20 06:04:50
堵线,运行中,否,否,否,2021-11-20 06:05:09
自动,运行中,否,否,否,2021-11-20 06:05:28
堵线,运行中,否,否,否,2021-11-20 06:06:13
自动,运行中,否,否,否,2021-11-20 06:06:29
堵线,运行中,否,否,否,2021-11-20 06:06:49
自动,运行中,否,否,否,2021-11-20 06:07:02
堵线,运行中,否,否,否,2021-11-20 06:07:21
自动,运行中,否,否,否,2021-11-20 06:07:53
堵线,运行中,否,否,否,2021-11-20 06:08:12
自动,运行中,否,否,否,2021-11-20 06:08:17
堵线,运行中,否,否,否,2021-11-20 06:08:37
自动,运行中,否,否,否,2021-11-20 06:08:42
堵线,运行中,否,否,否,2021-11-20 06:09:01
自动,运行中,否,否,否,2021-11-20 06:09:07
堵线,运行中,否,否,否,2021-11-20 06:09:26
自动,运行中,否,否,否,2021-11-20 06:09:34
堵线,运行中,否,否,否,2021-11-20 06:09:53
自动,运行中,否,否,否,2021-11-20 06:09:56
堵线,运行中,否,否,否,2021-11-20 06:10:15
自动,运行中,否,否,否,2021-11-20 06:11:31
堵线,运行中,否,否,否,2021-11-20 06:11:51
自动,运行中,否,否,否,2021-11-20 06:12:29
堵线,运行中,否,否,否,2021-11-20 06:12:31
自动,运行中,否,否,否,2021-11-20 06:12:44
堵线,运行中,否,否,否,2021-11-20 06:13:06
自动,运行中,否,否,否,2021-11-20 06:13:24
堵线,运行中,否,否,否,2021-11-20 06:13:43
自动,运行中,否,否,否,2021-11-20 06:14:05
堵线,运行中,否,否,否,2021-11-20 06:14:21
自动,运行中,否,否,否,2021-11-20 06:14:39
堵线,运行中,否,否,否,2021-11-20 06:14:58
自动,运行中,否,否,否,2021-11-20 06:15:48
堵线,运行中,否,否,否,2021-11-20 06:16:03
自动,运行中,否,否,否,2021-11-20 06:16:16
堵线,运行中,否,否,否,2021-11-20 06:17:08
自动,运行中,否,否,否,2021-11-20 06:17:59
堵线,运行中,否,否,否,2021-11-20 06:18:18
自动,运行中,否,否,否,2021-11-20 06:18:39
堵线,运行中,否,否,否,2021-11-20 06:18:58
自动,运行中,否,否,否,2021-11-20 06:19:19
堵线,运行中,否,否,否,2021-11-20 06:19:38
自动,运行中,否,否,否,2021-11-20 06:19:53
堵线,运行中,否,否,否,2021-11-20 06:20:12
自动,运行中,否,否,否,2021-11-20 06:20:36
堵线,运行中,否,否,否,2021-11-20 06:21:30
自动,运行中,否,否,否,2021-11-20 06:21:51
堵线,运行中,否,否,否,2021-11-20 06:22:10
自动,运行中,否,否,否,2021-11-20 06:22:26
堵线,运行中,否,否,否,2021-11-20 06:22:45
自动,运行中,否,否,否,2021-11-20 06:23:07
堵线,运行中,否,否,否,2021-11-20 06:23:20
自动,运行中,否,否,否,2021-11-20 06:23:41
堵线,运行中,否,否,否,2021-11-20 06:24:02
自动,运行中,否,否,否,2021-11-20 06:24:27
堵线,运行中,否,否,否,2021-11-20 06:24:40
自动,运行中,否,否,否,2021-11-20 06:25:01
堵线,运行中,否,否,否,2021-11-20 06:25:21
自动,运行中,否,否,否,2021-11-20 06:25:34
堵线,运行中,否,否,否,2021-11-20 06:25:53
自动,运行中,否,否,否,2021-11-20 06:26:04
堵线,运行中,否,否,否,2021-11-20 06:26:23
自动,运行中,否,否,否,2021-11-20 06:26:45
堵线,运行中,否,否,否,2021-11-20 06:26:58
自动,运行中,否,否,否,2021-11-20 06:27:17
堵线,运行中,否,否,否,2021-11-20 06:27:36
自动,运行中,否,否,否,2021-11-20 06:27:44
堵线,运行中,否,否,否,2021-11-20 06:28:04
自动,运行中,否,否,否,2021-11-20 06:28:19
堵线,运行中,否,否,否,2021-11-20 06:28:39
自动,运行中,否,否,否,2021-11-20 06:29:00
堵线,运行中,否,否,否,2021-11-20 06:29:19
自动,运行中,否,否,否,2021-11-20 06:31:12
堵线,运行中,否,否,否,2021-11-20 06:31:30
自动,运行中,否,否,否,2021-11-20 06:31:45
堵线,运行中,否,否,否,2021-11-20 06:32:05
自动,运行中,否,否,否,2021-11-20 06:32:18
堵线,运行中,否,否,否,2021-11-20 06:32:37
自动,运行中,否,否,否,2021-11-20 06:32:43
堵线,运行中,否,否,否,2021-11-20 06:33:02
自动,运行中,否,否,否,2021-11-20 06:33:12
堵线,运行中,否,否,否,2021-11-20 06:33:32
自动,运行中,否,否,否,2021-11-20 06:33:40
堵线,运行中,否,否,否,2021-11-20 06:33:59
自动,运行中,否,否,否,2021-11-20 06:34:40
堵线,运行中,否,否,否,2021-11-20 06:35:00
自动,运行中,否,否,否,2021-11-20 06:35:24
堵线,运行中,否,否,否,2021-11-20 06:35:40
自动,运行中,否,否,否,2021-11-20 06:36:14
堵线,运行中,否,否,否,2021-11-20 06:36:34
自动,运行中,否,否,否,2021-11-20 06:36:51
堵线,运行中,否,否,否,2021-11-20 06:37:04
自动,运行中,否,否,否,2021-11-20 06:37:19
堵线,运行中,否,否,否,2021-11-20 06:37:39
自动,运行中,否,否,否,2021-11-20 06:37:57
堵线,运行中,否,否,否,2021-11-20 06:38:17
自动,运行中,否,否,否,2021-11-20 06:38:30
堵线,运行中,否,否,否,2021-11-20 06:38:49
自动,运行中,否,否,否,2021-11-20 06:39:08
堵线,运行中,否,否,否,2021-11-20 06:39:21
自动,运行中,否,否,否,2021-11-20 06:39:37
堵线,运行中,否,否,否,2021-11-20 06:39:56
自动,运行中,否,否,否,2021-11-20 06:40:15
堵线,运行中,否,否,否,2021-11-20 06:40:34
自动,运行中,否,否,否,2021-11-20 06:40:55
堵线,运行中,否,否,否,2021-11-20 06:41:12
自动,运行中,否,否,否,2021-11-20 06:41:28
堵线,运行中,否,否,否,2021-11-20 06:41:48
自动,运行中,否,否,否,2021-11-20 06:42:06
堵线,运行中,否,否,否,2021-11-20 06:42:25
自动,运行中,否,否,否,2021-11-20 06:42:50
堵线,运行中,否,否,否,2021-11-20 06:43:03
自动,运行中,否,否,否,2021-11-20 06:43:23
堵线,运行中,否,否,否,2021-11-20 06:43:36
自动,运行中,否,否,否,2021-11-20 06:43:52
堵线,运行中,否,否,否,2021-11-20 06:44:11
自动,运行中,否,否,否,2021-11-20 06:44:29
堵线,运行中,否,否,否,2021-11-20 06:44:48
自动,运行中,否,否,否,2021-11-20 06:45:07
堵线,运行中,否,否,否,2021-11-20 06:45:26
自动,运行中,否,否,否,2021-11-20 06:45:54
堵线,运行中,否,否,否,2021-11-20 06:46:13
自动,运行中,否,否,否,2021-11-20 06:46:34
堵线,运行中,否,否,否,2021-11-20 06:46:53
自动,运行中,否,否,否,2021-11-20 06:47:09
堵线,运行中,否,否,否,2021-11-20 06:47:28
自动,运行中,否,否,否,2021-11-20 06:47:43
堵线,运行中,否,否,否,2021-11-20 06:48:02
自动,运行中,否,否,否,2021-11-20 06:48:21
堵线,运行中,否,否,否,2021-11-20 06:48:40
自动,运行中,否,否,否,2021-11-20 06:48:56
堵线,运行中,否,否,否,2021-11-20 06:49:15
自动,运行中,否,否,否,2021-11-20 06:49:28
堵线,运行中,否,否,否,2021-11-20 06:49:48
自动,运行中,否,否,否,2021-11-20 06:50:39
堵线,运行中,否,否,否,2021-11-20 06:50:58
自动,运行中,否,否,否,2021-11-20 06:52:03
堵线,运行中,否,否,否,2021-11-20 06:52:40
自动,运行中,否,否,否,2021-11-20 06:52:45
堵线,运行中,否,否,否,2021-11-20 06:53:04
自动,运行中,否,否,否,2021-11-20 06:58:02
堵线,运行中,否,否,否,2021-11-20 06:58:15
自动,运行中,否,否,否,2021-11-20 06:58:45
堵线,运行中,否,否,否,2021-11-20 06:59:01
自动,运行中,否,否,否,2021-11-20 06:59:17
堵线,运行中,否,否,否,2021-11-20 06:59:36
自动,运行中,否,否,否,2021-11-20 06:59:58
堵线,运行中,否,否,否,2021-11-20 07:00:11
自动,运行中,否,否,否,2021-11-20 07:00:35
堵线,运行中,否,否,否,2021-11-20 07:00:54
自动,运行中,否,否,否,2021-11-20 07:01:14
堵线,运行中,否,否,否,2021-11-20 07:01:27
自动,运行中,否,否,否,2021-11-20 07:01:51
堵线,运行中,否,否,否,2021-11-20 07:02:10
自动,运行中,否,否,否,2021-11-20 07:02:32
堵线,运行中,否,否,否,2021-11-20 07:02:45
自动,运行中,否,否,否,2021-11-20 07:03:01
堵线,运行中,否,否,否,2021-11-20 07:03:20
自动,运行中,否,否,否,2021-11-20 07:03:39
堵线,运行中,否,否,否,2021-11-20 07:03:58
自动,运行中,否,否,否,2021-11-20 07:04:20
堵线,运行中,否,否,否,2021-11-20 07:04:39
自动,运行中,否,否,否,2021-11-20 07:04:56
堵线,运行中,否,否,否,2021-11-20 07:05:12
自动,运行中,否,否,否,2021-11-20 07:05:30
堵线,运行中,否,否,否,2021-11-20 07:05:50
自动,运行中,否,否,否,2021-11-20 07:06:08
堵线,运行中,否,否,否,2021-11-20 07:06:27
自动,运行中,否,否,否,2021-11-20 07:06:51
堵线,运行中,否,否,否,2021-11-20 07:07:10
自动,运行中,否,否,否,2021-11-20 07:07:26
堵线,运行中,否,否,否,2021-11-20 07:07:46
自动,运行中,否,否,否,2021-11-20 07:08:08
堵线,运行中,否,否,否,2021-11-20 07:08:21
自动,运行中,否,否,否,2021-11-20 07:08:48
堵线,运行中,否,否,否,2021-11-20 07:09:07
自动,运行中,否,否,否,2021-11-20 07:09:26
堵线,运行中,否,否,否,2021-11-20 07:09:45
自动,运行中,否,否,否,2021-11-20 07:10:01
堵线,运行中,否,否,否,2021-11-20 07:10:21
自动,运行中,否,否,否,2021-11-20 07:10:39
堵线,运行中,否,否,否,2021-11-20 07:10:59
自动,运行中,否,否,否,2021-11-20 07:11:14
堵线,运行中,否,否,否,2021-11-20 07:11:34
自动,运行中,否,否,否,2021-11-20 07:11:50
堵线,运行中,否,否,否,2021-11-20 07:12:10
自动,运行中,否,否,否,2021-11-20 07:12:25
堵线,运行中,否,否,否,2021-11-20 07:12:43
自动,运行中,否,否,否,2021-11-20 07:13:06
堵线,运行中,否,否,否,2021-11-20 07:13:23
自动,运行中,否,否,否,2021-11-20 07:13:46
堵线,运行中,否,否,否,2021-11-20 07:13:59
自动,运行中,否,否,否,2021-11-20 07:14:26
堵线,运行中,否,否,否,2021-11-20 07:14:46
自动,运行中,否,否,否,2021-11-20 07:15:02
堵线,运行中,否,否,否,2021-11-20 07:15:21
自动,运行中,否,否,否,2021-11-20 07:15:39
堵线,运行中,否,否,否,2021-11-20 07:15:59
自动,运行中,否,否,否,2021-11-20 07:16:15
堵线,运行中,否,否,否,2021-11-20 07:16:35
自动,运行中,否,否,否,2021-11-20 07:16:53
堵线,运行中,否,否,否,2021-11-20 07:17:13
自动,运行中,否,否,否,2021-11-20 07:17:31
堵线,运行中,否,否,否,2021-11-20 07:17:50
自动,运行中,否,否,否,2021-11-20 07:18:09
堵线,运行中,否,否,否,2021-11-20 07:18:28
自动,运行中,否,否,否,2021-11-20 07:18:44
堵线,运行中,否,否,否,2021-11-20 07:19:01
自动,运行中,否,否,否,2021-11-20 07:19:20
堵线,运行中,否,否,否,2021-11-20 07:19:39
自动,运行中,否,否,否,2021-11-20 07:19:55
堵线,运行中,否,否,否,2021-11-20 07:20:15
自动,运行中,否,否,否,2021-11-20 07:21:08
堵线,运行中,否,否,否,2021-11-20 07:21:27
自动,运行中,否,否,否,2021-11-20 07:21:48
堵线,运行中,否,否,否,2021-11-20 07:22:23
自动,运行中,否,否,否,2021-11-20 07:23:13
堵线,运行中,否,否,否,2021-11-20 07:23:32
自动,运行中,否,否,否,2021-11-20 07:23:50
堵线,运行中,否,否,否,2021-11-20 07:24:09
自动,运行中,否,否,否,2021-11-20 07:24:28
堵线,运行中,否,否,否,2021-11-20 07:24:47
自动,运行中,否,否,否,2021-11-20 07:25:05
堵线,运行中,否,否,否,2021-11-20 07:25:24
自动,运行中,否,否,否,2021-11-20 07:25:48
堵线,运行中,否,否,否,2021-11-20 07:26:07
自动,运行中,否,否,否,2021-11-20 07:26:36
堵线,运行中,否,否,否,2021-11-20 07:26:55
自动,运行中,否,否,否,2021-11-20 07:27:13
堵线,运行中,否,否,否,2021-11-20 07:27:32
自动,运行中,否,否,否,2021-11-20 07:28:08
堵线,运行中,否,否,否,2021-11-20 07:28:27
自动,运行中,否,是,否,2021-11-20 07:28:40
堵线,运行中,否,是,否,2021-11-20 07:28:59
自动,运行中,否,是,否,2021-11-20 07:29:13
堵线,运行中,否,是,否,2021-11-20 07:29:26
堵线,空闲,否,是,否,2021-11-20 07:29:37
自动,空闲,否,是,否,2021-11-20 07:29:50
堵线,空闲,否,是,否,2021-11-20 07:30:09
自动,空闲,否,是,否,2021-11-20 07:30:30
堵线,空闲,否,是,否,2021-11-20 07:30:49
自动,空闲,否,是,否,2021-11-20 07:31:02
自动,空闲,否,否,否,2021-11-20 07:45:36
自动,空闲,否,是,否,2021-11-20 07:46:07
自动,空闲,否,否,否,2021-11-20 07:47:02
自动,运行中,否,否,否,2021-11-20 07:47:05
自动,运行中,否,是,否,2021-11-20 07:48:22
堵线,运行中,否,是,否,2021-11-20 07:48:25
自动,运行中,否,是,否,2021-11-20 07:48:41
堵线,运行中,否,是,否,2021-11-20 07:49:00
堵线,空闲,否,是,否,2021-11-20 07:49:11
自动,空闲,否,是,否,2021-11-20 07:49:50
堵线,空闲,否,是,否,2021-11-20 07:50:09
自动,空闲,否,是,否,2021-11-20 07:50:44
堵线,空闲,否,是,否,2021-11-20 07:51:01
自动,空闲,否,是,否,2021-11-20 07:51:27
